{
    "start_pose": [
        0.09248568018426495,
        0.05355371562126787,
        0.5508237114298127,
        0.03446977055457573,
        -0.9987702624665962,
        -0.0005223555338989761,
        0.035630392574571505
    ],
    "goals": [
        [
            0.08026139473163874,
            0.054944256153795945,
            0.6503780147508085,
            0.042103455349411026,
            -0.9954013735866638,
            0.07718868662850384,
            0.03801724826957192
        ],
        [
            0.07728168183579065,
            0.04622240083654505,
            0.6724450791117828,
            0.047228653726281745,
            -0.9914350871549885,
            0.11238145916633914,
            0.04686501745254858
        ],
        [
            0.07954731941711002,
            0.04151183256001578,
            0.6959108994599619,
            0.042348268714182964,
            -0.9983127337339224,
            0.03441573980489497,
            0.01984607405245807
        ],
        [
            0.0852436365771303,
            0.04771324842824132,
            0.7147671154232662,
            0.058589312343546605,
            -0.996647212541641,
            0.038442200997631966,
            0.04223533348448094
        ],
        [
            0.08863069544449165,
            0.04443734401632704,
            0.7323186671308257,
            0.045714196186490905,
            -0.9979127556775022,
            0.03426607427601403,
            0.03010283170845474
        ],
        [
            0.08156129343308383,
            0.04440440405081503,
            0.7491665931079535,
            0.04507002424250732,
            -0.9963711450333329,
            0.06273960325194451,
            0.03573480717078732
        ],
        [
            0.0770164705356563,
            0.0353269038199483,
            0.7658911590845728,
            0.029377460539691907,
            -0.9994402691673678,
            0.012663207597916813,
            0.009785517473817826
        ],
        [
            0.07469383968568166,
            0.030824578954566362,
            0.7758683571594386,
            0.05613504877960265,
            -0.9939066730972126,
            -0.09060871604166496,
            0.02807921025641279
        ],
        [
            0.07069094997338421,
            0.019030237270253547,
            0.7705363407308332,
            0.04819244923817084,
            -0.8949921940439985,
            -0.4430448467446506,
            0.019435128241029265
        ],
        [
            0.06816594041413371,
            0.02587296949340223,
            0.7575717989633066,
            0.06101299732791534,
            -0.725858705467697,
            -0.6820862982060684,
            0.06453553791024333
        ],
        [
            0.06911314476823271,
            0.03469343989756979,
            0.7667844102969681,
            0.12376712755326393,
            -0.5466566083512489,
            -0.8255594131847872,
            0.06557366838230796
        ],
        [
            0.09370757883275782,
            0.05481653474892567,
            0.7714329760113716,
            0.17558185453317585,
            -0.3618472161828632,
            -0.9148515364267084,
            0.03583672414010436
        ]
    ]
}